Project,Period,Version,Classes Total,Classes w/ Atoms,LoC,N.Atoms,N.Types,PostIncDec,PreIncDec,IOP,CO,AaL,LaCF,RV,CoLE,OCB,TC,Number of Atoms per LoC (10^-3),Atom Diffusion,Atom Density
Commons-Vfs,Before CI/CD,1.0.0,290,62,35280,261,7,5,0,8,28,0,144,7,7,0,62,7.3979591836734695,0.21379310344827587,4.209677419354839
Commons-Vfs,Before CI/CD,2.0.0,309,74,40448,311,8,6,1,11,42,0,169,7,7,0,68,7.688884493670886,0.23948220064724918,4.202702702702703
Commons-Vfs,Before CI/CD,2.1.0,372,81,46378,290,7,3,1,13,49,0,192,0,2,0,30,6.252964767777826,0.21774193548387097,3.580246913580247
Commons-Vfs,After CI/CD,2.2.0,381,82,39173,292,7,3,1,13,51,0,192,0,2,0,30,7.454113802874429,0.2152230971128609,3.5609756097560976
Commons-Vfs,After CI/CD,2.3.0,405,87,42619,312,6,4,0,13,64,0,199,0,2,0,30,7.320678570590582,0.21481481481481482,3.586206896551724
Commons-Vfs,After CI/CD,2.5.0,517,107,51679,362,7,4,1,14,97,0,213,0,2,0,31,7.004779504247373,0.20696324951644102,3.383177570093458
Commons-Vfs,After CI/CD,2.7.0,523,105,52428,358,7,3,1,14,96,0,211,0,2,0,31,6.8284122987716485,0.20076481835564053,3.4095238095238094
Commons-Vfs,After CI/CD,2.9.0,533,109,53399,340,7,3,1,10,91,0,202,0,2,0,31,6.367160433715987,0.2045028142589118,3.1192660550458715
